{
  "pdf_name": "1947__San_Luis_-_RPA.pdf",
  "total_pages": 27,
  "created_on": "2025-06-29T17:15:30.134751",
  "pages": {
    "5": {
      "fields": [
        {
          "name": "q1",
          "type": "signature",
          "coordinates": "439,115,597,212"
        },
        {
          "name": "WEDWQW",
          "type": "signature",
          "coordinates": "418,125,540,182"
        },
        {
          "name": "DASD",
          "type": "signature",
          "coordinates": "276,84,392,216"
        },
        {
          "name": "ADS",
          "type": "signature",
          "coordinates": "418,105,547,219"
        },
        {
          "name": "SADASDAS",
          "type": "signature",
          "coordinates": "379,74,561,222"
        }
      ]
    }
  },
  "data_populated": false
}