{
  "pdf_name": "1947__San_Luis_-_RPA.pdf",
  "total_pages": 27,
  "created_on": "2025-07-09T22:21:09.870751",
  "pages": {
    "1": {
      "fields": [
        {
          "name": "q1",
          "type": "text",
          "coordinates": "379,639,473,648"
        }
      ]
    }
  },
  "quality_settings": {
    "base_resolution": 300,
    "min_resolution": 200,
    "max_resolution": 600,
    "antialias": true,
    "compression_level": 2,
    "optimize_png": true,
    "enhance_contrast": true,
    "sharpen_text": true
  }
}