{
  "pdf_name": "Nike10k2021.pdf",
  "total_pages": 109,
  "created_on": "2025-06-29T17:20:47.788109",
  "pages": {
    "1": {
      "fields": [
        {
          "name": "12",
          "type": "text",
          "coordinates": "421,246,472,256"
        },
        {
          "name": "DAS",
          "type": "text",
          "coordinates": "186,211,374,259"
        },
        {
          "name": "DSASD",
          "type": "text",
          "coordinates": "206,105,565,203"
        },
        {
          "name": "SDSADS",
          "type": "text",
          "coordinates": "198,97,544,169"
        }
      ]
    }
  },
  "data_populated": false
}