{
  "pdf_name": "1947__San_Luis_-_RPA.pdf",
  "total_pages": 27,
  "created_on": "2025-07-10T09:21:37.256709",
  "pages": {
    "1": {
      "fields": [
        {
          "name": "q1",
          "type": "text",
          "coordinates": "541.92,66.12,590.88,76.67"
        }
      ]
    },
    "4": {
      "fields": [
        {
          "name": "date",
          "type": "text",
          "coordinates": "469.44,17.67,531.84,26.3"
        }
      ]
    },
    "7": {
      "fields": [
        {
          "name": "date2",
          "type": "text",
          "coordinates": "468.48,16.71,542.4,26.3"
        }
      ]
    }
  }
}