{
  "pdf_name": "1947__San_Luis_-_RPA.pdf",
  "total_pages": 27,
  "created_on": "2025-07-01T02:56:38.008219",
  "pages": {
    "1": {
      "fields": [
        {
          "name": "q1",
          "type": "text",
          "coordinates": "416,143,448,151"
        },
        {
          "name": "q2",
          "type": "text",
          "coordinates": "562,119,583,131"
        },
        {
          "name": "q3",
          "type": "text",
          "coordinates": "566,63,573,82"
        }
      ]
    },
    "8": {
      "fields": [
        {
          "name": "date",
          "type": "text",
          "coordinates": "471,17,541,27"
        }
      ]
    }
  },
  "data_populated": false
}