{
  "pdf_name": "1947__San_Luis_-_RPA.pdf",
  "total_pages": 27,
  "created_on": "2025-07-10T08:19:07.477613",
  "pages": {
    "1": {
      "fields": [
        {
          "name": "user",
          "type": "text",
          "coordinates": "378.24,638.43,476.16,648.99"
        },
        {
          "name": "sign",
          "type": "signature",
          "coordinates": "227.52,632.68,375.36,640.35"
        },
        {
          "name": "buyer",
          "type": "checkbox",
          "coordinates": "36.48,638.43,43.2,648.03"
        }
      ]
    }
  }
}