{
  "pdf_name": "1947__San_Luis_-_RPA.pdf",
  "total_pages": 27,
  "created_on": "2025-07-14T20:22:51.380907",
  "pages": {
    "1": {
      "fields": [
        {
          "name": "BUYER1",
          "type": "text",
          "coordinates": "377.28,639.37,476.64,647.05"
        },
        {
          "name": "BUYER1",
          "type": "text",
          "coordinates": "324,631.69,476.16,648"
        },
        {
          "name": "BUYER2",
          "type": "text",
          "coordinates": "342.24,652.32,476.64,665.75"
        }
      ]
    },
    "3": {
      "fields": [
        {
          "name": "ALLBUYERS",
          "type": "text",
          "coordinates": "182.88,82.91,534.24,110.73"
        },
        {
          "name": "PURCHASE_PRICE",
          "type": "text",
          "coordinates": "276.96,396.16,440.16,409.59"
        },
        {
          "name": "DP",
          "type": "text",
          "coordinates": "278.88,476.27,331.68,484.9"
        },
        {
          "name": "DP_PERCENTAGE",
          "type": "text",
          "coordinates": "338.88,476.27,360.96,485.86"
        }
      ]
    }
  }
}