{
  "pdf_name": "1947__San_Luis_-_RPA.pdf",
  "total_pages": 27,
  "created_on": "2025-07-13T19:54:02.781112",
  "pages": {
    "1": {
      "fields": [
        {
          "name": "user1",
          "type": "text",
          "coordinates": "379.2,641.31,474.24,647.07"
        },
        {
          "name": "user2",
          "type": "text",
          "coordinates": "405.12,653.78,478.08,664.34"
        },
        {
          "name": "agreement_checkbox",
          "type": "text",
          "coordinates": "36.48,636.51,46.08,647.07"
        },
        {
          "name": "agreement_checkbox",
          "type": "checkbox",
          "coordinates": "34.56,639.39,45.12,649.95"
        },
        {
          "name": "signature_area",
          "type": "checkbox",
          "coordinates": "212.16,630.76,374.4,643.23"
        },
        {
          "name": "signature_area",
          "type": "signature",
          "coordinates": "218.88,628.84,375.36,643.23"
        }
      ]
    }
  }
}