{
  "pdf_name": "1947__San_Luis_-_RPA.pdf",
  "total_pages": 27,
  "created_on": "2025-07-06T09:14:56.033863",
  "pages": {
    "1": {
      "fields": [
        {
          "name": "q1",
          "type": "text",
          "coordinates": "505,61,584,80"
        }
      ]
    },
    "8": {
      "fields": [
        {
          "name": "q2",
          "type": "text",
          "coordinates": "464,8,531,29"
        }
      ]
    },
    "13": {
      "fields": [
        {
          "name": "q3",
          "type": "text",
          "coordinates": "467,12,543,23"
        }
      ]
    }
  }
}