{
  "pdf_name": "1947__San_Luis_-_RPA.pdf",
  "total_pages": 27,
  "created_on": "2025-07-01T04:28:41.879976",
  "pages": {
    "6": {
      "fields": [
        {
          "name": "q1",
          "type": "text",
          "coordinates": "311,194,323,205"
        },
        {
          "name": "q2",
          "type": "text",
          "coordinates": "311,205,322,217"
        },
        {
          "name": "date",
          "type": "text",
          "coordinates": "467,17,538,27"
        },
        {
          "name": "q3",
          "type": "text",
          "coordinates": "71,194,81,203"
        }
      ]
    }
  },
  "data_populated": false
}