{
  "pdf_name": "1947__San_Luis_-_RPA.pdf",
  "total_pages": 27,
  "created_on": "2025-07-10T12:13:10.765621",
  "pages": {
    "1": {
      "fields": [
        {
          "name": "price_per_unit",
          "type": "text",
          "coordinates": "542.4,69,580.32,75.71"
        },
        {
          "name": "quantity",
          "type": "text",
          "coordinates": "400.32,121.28,421.44,130.4"
        }
      ]
    },
    "6": {
      "fields": [
        {
          "name": "tax_rate",
          "type": "text",
          "coordinates": "468.96,14.31,532.8,23.9"
        },
        {
          "name": "discount_amount",
          "type": "text",
          "coordinates": "469.44,15.27,537.12,24.38"
        }
      ]
    }
  }
}